base_seed,gate_seed,budget,layer,decisions,proxy_mlp_minus_margin,mlp_fraction_k2,margin_fraction_k2,mlp_recall_top5,margin_recall_top5,mlp_recall_top10,margin_recall_top10,recall_top10_difference,mlp_mean_selected_delta,margin_mean_selected_delta,layer_delta_mean,layer_delta_p90,layer_entropy_mean
601,11,1.1,1,25600,0.0003947755694389343,0.0555859375,0.0633984375,0.18828125,0.2078125,0.1359375,0.151171875,-0.015234375000000022,0.0457972642492427,0.04638062945428779,0.009283673837780953,0.125,1.5114949664426967
601,11,1.1,3,25600,-0.0025355084612965584,0.135390625,0.0929296875,0.46328125,0.34453125,0.378125,0.248828125,0.12929687499999998,0.06368794636580549,0.06550374337733919,0.013858530335128308,0.140625,1.3978178911970462
601,11,1.1,5,25600,0.00037846043705940245,0.1037890625,0.144921875,0.32890625,0.45390625,0.268359375,0.365234375,-0.09687499999999999,0.04167592081307557,0.03245862770594676,0.009934597723186016,0.140625,1.5098324781563133
601,11,1.2,1,25600,0.0006193442270159722,0.1464453125,0.15578125,0.32890625,0.40390625,0.26328125,0.322265625,-0.05898437499999998,0.02751465459351986,0.029841437382827192,0.009283673837780953,0.125,1.5114949664426967
601,11,1.2,3,25600,-0.0022265637293457986,0.246328125,0.1834765625,0.603125,0.55546875,0.51484375,0.42734375,0.08750000000000002,0.044425279875615266,0.04750815061196028,0.013858530335128308,0.140625,1.3978178911970462
601,11,1.2,5,25600,0.0009497121348977089,0.2033984375,0.2658984375,0.45859375,0.690625,0.399609375,0.5828125,-0.18320312499999997,0.02968317775092611,0.026277793036940444,0.009934597723186016,0.140625,1.5098324781563133
601,11,1.3,1,25600,0.0010347018763422965,0.24453125,0.264765625,0.4265625,0.56640625,0.36484375,0.47265625,-0.10781249999999998,0.018600994024794704,0.021087428537854475,0.009283673837780953,0.125,1.5114949664426967
601,11,1.3,3,25600,-0.0017529601976275443,0.351015625,0.2666015625,0.69609375,0.68828125,0.608984375,0.568359375,0.04062500000000002,0.034206838563213944,0.03846254509447258,0.013858530335128308,0.140625,1.3978178911970462
601,11,1.3,5,25600,0.0007564465701580047,0.297265625,0.37140625,0.55703125,0.8171875,0.49453125,0.725,-0.23046875,0.024717934592168058,0.021820415906861994,0.009934597723186016,0.140625,1.5098324781563133
601,22,1.1,1,25600,-0.0005608454719185829,0.0658984375,0.0633984375,0.23125,0.2078125,0.172265625,0.151171875,0.021093749999999994,0.05313183502396254,0.04638062945428779,0.009283673837780953,0.125,1.5114949664426967
601,22,1.1,3,25600,-0.002530453018844128,0.1287109375,0.0929296875,0.45625,0.34453125,0.36328125,0.248828125,0.11445312499999999,0.06695387034206361,0.06550374337733919,0.013858530335128308,0.140625,1.3978178911970462
601,22,1.1,5,25600,-0.000325697660446167,0.1143359375,0.144921875,0.3546875,0.45390625,0.29296875,0.365234375,-0.072265625,0.04399021827689934,0.03245862770594676,0.009934597723186016,0.140625,1.5098324781563133
601,22,1.2,1,25600,-0.0001265662908554077,0.1644921875,0.15578125,0.3703125,0.40390625,0.309765625,0.322265625,-0.012500000000000011,0.029030574525911488,0.029841437382827192,0.009283673837780953,0.125,1.5114949664426967
601,22,1.2,3,25600,-0.002140577733516693,0.239609375,0.1834765625,0.6,0.55546875,0.5125,0.42734375,0.08515624999999993,0.045312124780307265,0.04750815061196028,0.013858530335128308,0.140625,1.3978178911970462
601,22,1.2,5,25600,0.0006793035194277763,0.209453125,0.2658984375,0.49296875,0.690625,0.431640625,0.5828125,-0.15117187499999996,0.030116144555222407,0.026277793036940444,0.009934597723186016,0.140625,1.5098324781563133
601,22,1.3,1,25600,-0.0003993607312440872,0.273359375,0.264765625,0.48125,0.56640625,0.428125,0.47265625,-0.04453125000000002,0.021885428029354996,0.021087428537854475,0.009283673837780953,0.125,1.5114949664426967
601,22,1.3,3,25600,-0.0010447965189814567,0.3481640625,0.2666015625,0.67421875,0.68828125,0.601953125,0.568359375,0.03359374999999998,0.03245300809555713,0.03846254509447258,0.013858530335128308,0.140625,1.3978178911970462
601,22,1.3,5,25600,0.00023368138819932939,0.3041796875,0.37140625,0.60390625,0.8171875,0.53984375,0.725,-0.18515625000000002,0.02587469768903827,0.021820415906861994,0.009934597723186016,0.140625,1.5098324781563133
601,33,1.1,1,25600,-0.0001953071728348732,0.088828125,0.0633984375,0.26171875,0.2078125,0.194921875,0.151171875,0.04374999999999998,0.03530150625720398,0.04638062945428779,0.009283673837780953,0.125,1.5114949664426967
601,33,1.1,3,25600,-0.0023726272955536844,0.118515625,0.0929296875,0.43984375,0.34453125,0.34609375,0.248828125,0.09726562499999997,0.07138189329626377,0.06550374337733919,0.013858530335128308,0.140625,1.3978178911970462
601,33,1.1,5,25600,0.0010341393947601318,0.0897265625,0.144921875,0.29921875,0.45390625,0.2375,0.365234375,-0.127734375,0.040900104607402316,0.03245862770594676,0.009934597723186016,0.140625,1.5098324781563133
601,33,1.2,1,25600,-0.0008203447237610816,0.21484375,0.15578125,0.43984375,0.40390625,0.36875,0.322265625,0.04648437500000002,0.0254560867656361,0.029841437382827192,0.009283673837780953,0.125,1.5114949664426967
601,33,1.2,3,25600,-0.0011522494256496429,0.214609375,0.1834765625,0.55703125,0.55546875,0.47578125,0.42734375,0.04843749999999997,0.04598532375700916,0.04750815061196028,0.013858530335128308,0.140625,1.3978178911970462
601,33,1.2,5,25600,0.0014521516487002372,0.178984375,0.2658984375,0.45,0.690625,0.381640625,0.5828125,-0.20117187499999994,0.03092489196764023,0.026277793036940444,0.009934597723186016,0.140625,1.5098324781563133
601,33,1.3,1,25600,-0.0011184469610452652,0.3327734375,0.264765625,0.56171875,0.56640625,0.490625,0.47265625,0.017968749999999978,0.02013884644117108,0.021087428537854475,0.009283673837780953,0.125,1.5114949664426967
601,33,1.3,3,25600,-0.0009208843857049942,0.3035546875,0.2666015625,0.65,0.68828125,0.572265625,0.568359375,0.00390625,0.03681398926056148,0.03846254509447258,0.013858530335128308,0.140625,1.3978178911970462
601,33,1.3,5,25600,0.0010015477240085601,0.2644140625,0.37140625,0.54453125,0.8171875,0.49296875,0.725,-0.23203124999999997,0.026862002172820906,0.021820415906861994,0.009934597723186016,0.140625,1.5098324781563133
602,11,1.1,1,25600,-0.0009168456122279167,0.1025,0.0632421875,0.33203125,0.25625,0.24296875,0.176953125,0.06601562500000002,0.05153808724589464,0.06903316445966205,0.010852279737591744,0.1337890625,1.477668886751635
602,11,1.1,3,25600,-0.0023764857277274133,0.125390625,0.0865625,0.4421875,0.34765625,0.36796875,0.26015625,0.10781250000000003,0.07917116052265108,0.08722986942594232,0.01681583806872368,0.14697265625,1.3466752936097328
602,11,1.1,5,25600,0.00017211902886629104,0.087109375,0.152890625,0.29765625,0.43046875,0.241796875,0.337109375,-0.0953125,0.03619944397109506,0.021750385077802515,0.005615872964262962,0.1328125,1.5596182162174954
602,11,1.2,1,25600,-5.642849951982498e-05,0.204375,0.136796875,0.475,0.46953125,0.390234375,0.348046875,0.042187500000000044,0.032976886730310746,0.04885508331961117,0.010852279737591744,0.1337890625,1.477668886751635
602,11,1.2,3,25600,-0.0006728742644190788,0.2288671875,0.167578125,0.56796875,0.59921875,0.497265625,0.475,0.02226562500000001,0.054693621485525076,0.07068166599407062,0.01681583806872368,0.14697265625,1.3466752936097328
602,11,1.2,5,25600,0.0009276796504855155,0.1915625,0.301484375,0.44375,0.7328125,0.3765625,0.60625,-0.22968749999999993,0.022348807258668186,0.017277422887916297,0.005615872964262962,0.1328125,1.5596182162174954
602,11,1.3,1,25600,-3.970365971326828e-05,0.30578125,0.2306640625,0.57421875,0.6203125,0.499609375,0.5,-0.0003906249999999778,0.02514937999727291,0.03316730447586667,0.010852279737591744,0.1337890625,1.477668886751635
602,11,1.3,3,25600,-3.6950185894966125e-05,0.3220703125,0.24453125,0.63984375,0.74609375,0.580859375,0.61484375,-0.03398437500000007,0.043071714670749196,0.05657833269990671,0.01681583806872368,0.14697265625,1.3466752936097328
602,11,1.3,5,25600,0.001348264589905739,0.2934375,0.433828125,0.52890625,0.88125,0.465625,0.777734375,-0.31210937499999997,0.0153809162501456,0.01351134669302005,0.005615872964262962,0.1328125,1.5596182162174954
602,22,1.1,1,25600,-0.0004856637492775917,0.1136328125,0.0632421875,0.33359375,0.25625,0.25234375,0.176953125,0.07539062499999999,0.04269428849834968,0.06903316445966205,0.010852279737591744,0.1337890625,1.477668886751635
602,22,1.1,3,25600,-0.003563227690756321,0.1323828125,0.0865625,0.51015625,0.34765625,0.40546875,0.26015625,0.1453125,0.0839539744854677,0.08722986942594232,0.01681583806872368,0.14697265625,1.3466752936097328
602,22,1.1,5,25600,0.0005756552889943123,0.06640625,0.152890625,0.26640625,0.43046875,0.199609375,0.337109375,-0.13749999999999998,0.04140837164486156,0.021750385077802515,0.005615872964262962,0.1328125,1.5596182162174954
602,22,1.2,1,25600,-0.00019802648574113846,0.2369140625,0.136796875,0.49296875,0.46953125,0.409765625,0.348046875,0.061718750000000044,0.0290453387997117,0.04885508331961117,0.010852279737591744,0.1337890625,1.477668886751635
602,22,1.2,3,25600,-0.0015031883865594864,0.2366015625,0.167578125,0.6421875,0.59921875,0.548046875,0.475,0.07304687500000007,0.05641505197465509,0.07068166599407062,0.01681583806872368,0.14697265625,1.3466752936097328
602,22,1.2,5,25600,0.0018121791258454323,0.1436328125,0.301484375,0.38828125,0.7328125,0.331640625,0.60625,-0.27460937499999993,0.0236484536924925,0.017277422887916297,0.005615872964262962,0.1328125,1.5596182162174954
602,22,1.3,1,25600,-3.964241594076157e-05,0.359296875,0.2306640625,0.60546875,0.6203125,0.521875,0.5,0.021874999999999978,0.021403324502943702,0.03316730447586667,0.010852279737591744,0.1337890625,1.477668886751635
602,22,1.3,3,25600,-0.0007920611649751663,0.3278125,0.24453125,0.71953125,0.74609375,0.63203125,0.61484375,0.017187500000000022,0.0446207255153456,0.05657833269990671,0.01681583806872368,0.14697265625,1.3466752936097328
602,22,1.3,5,25600,0.0017461888492107391,0.228515625,0.433828125,0.4953125,0.88125,0.44375,0.777734375,-0.333984375,0.018009330227843717,0.01351134669302005,0.005615872964262962,0.1328125,1.5596182162174954
602,33,1.1,1,25600,-0.00017992153763771057,0.1126953125,0.0632421875,0.321875,0.25625,0.247265625,0.176953125,0.0703125,0.04033645914167011,0.06903316445966205,0.010852279737591744,0.1337890625,1.477668886751635
602,33,1.1,3,25600,-0.0015841496363282203,0.1048828125,0.0865625,0.4265625,0.34765625,0.328515625,0.26015625,0.068359375,0.08709706567519204,0.08722986942594232,0.01681583806872368,0.14697265625,1.3466752936097328
602,33,1.1,5,25600,0.00023539397865533827,0.0875,0.152890625,0.29765625,0.43046875,0.234375,0.337109375,-0.10273437499999999,0.035314697027206424,0.021750385077802515,0.005615872964262962,0.1328125,1.5596182162174954
602,33,1.2,1,25600,-0.0001562611758708954,0.2244921875,0.136796875,0.48984375,0.46953125,0.406640625,0.348046875,0.05859375,0.03046646735471955,0.04885508331961117,0.010852279737591744,0.1337890625,1.477668886751635
602,33,1.2,3,25600,0.000205317921936512,0.1890625,0.167578125,0.540625,0.59921875,0.44921875,0.475,-0.025781249999999978,0.06156367940350998,0.07068166599407062,0.01681583806872368,0.14697265625,1.3466752936097328
602,33,1.2,5,25600,0.0018629074096679688,0.1828515625,0.301484375,0.42578125,0.7328125,0.35859375,0.60625,-0.24765624999999997,0.018298807981507795,0.017277422887916297,0.005615872964262962,0.1328125,1.5596182162174954
602,33,1.3,1,25600,0.0003168877959251404,0.329296875,0.2306640625,0.57734375,0.6203125,0.500390625,0.5,0.0003906249999999778,0.022270534442978537,0.03316730447586667,0.010852279737591744,0.1337890625,1.477668886751635
602,33,1.3,3,25600,0.001112338788807392,0.269140625,0.24453125,0.6046875,0.74609375,0.526953125,0.61484375,-0.087890625,0.04727205946414322,0.05657833269990671,0.01681583806872368,0.14697265625,1.3466752936097328
602,33,1.3,5,25600,0.0023624399304389954,0.2832421875,0.433828125,0.51015625,0.88125,0.4515625,0.777734375,-0.326171875,0.012353958647557907,0.01351134669302005,0.005615872964262962,0.1328125,1.5596182162174954
603,11,1.1,1,25600,-0.0019911996275186537,0.1017578125,0.069296875,0.3359375,0.24375,0.266015625,0.1890625,0.07695312499999998,0.058616354460908446,0.05733984943979085,0.012989947274327278,0.150390625,1.505511793870246
603,11,1.1,3,25600,-0.001394583247601986,0.106328125,0.0817578125,0.3640625,0.3453125,0.303515625,0.25703125,0.04648437500000002,0.07614793574258215,0.08197484469789668,0.01514998685568571,0.15625,1.4164097726013278
603,11,1.1,5,25600,0.0006467261910438537,0.0872265625,0.1464453125,0.2765625,0.41015625,0.223828125,0.339453125,-0.11562500000000003,0.03476183968598246,0.025121199922518402,0.007129549086093903,0.125,1.5754474972863681
603,11,1.2,1,25600,-0.0023704912140965462,0.1948046875,0.152265625,0.47890625,0.425,0.402734375,0.333984375,0.06874999999999998,0.0429856007960174,0.03942653055127429,0.012989947274327278,0.150390625,1.505511793870246
603,11,1.2,3,25600,-0.0011429217085242272,0.21390625,0.1623828125,0.50703125,0.5515625,0.4453125,0.44140625,0.00390625,0.04856120538676717,0.05693104762081232,0.01514998685568571,0.15625,1.4164097726013278
603,11,1.2,5,25600,0.0009709199890494347,0.18609375,0.2853515625,0.4453125,0.659375,0.38515625,0.578515625,-0.193359375,0.026101444870558835,0.020424754973717704,0.007129549086093903,0.125,1.5754474972863681
603,11,1.3,1,25600,-0.0020705606043338776,0.2862890625,0.2423828125,0.57421875,0.571875,0.49375,0.46484375,0.028906250000000022,0.03409115206676415,0.031724045451469327,0.012989947274327278,0.150390625,1.505511793870246
603,11,1.3,3,25600,-0.0007557116821408272,0.321484375,0.243671875,0.60078125,0.70390625,0.537890625,0.58828125,-0.05039062500000002,0.03737133971685917,0.04620389657052674,0.01514998685568571,0.15625,1.4164097726013278
603,11,1.3,5,25600,0.00041095133870840074,0.281328125,0.4169921875,0.553125,0.79296875,0.49375,0.719921875,-0.22617187500000002,0.020756151437163518,0.014988867158912105,0.007129549086093903,0.125,1.5754474972863681
603,22,1.1,1,25600,-0.001778155006468296,0.1402734375,0.069296875,0.36640625,0.24375,0.30703125,0.1890625,0.11796874999999998,0.0410029688309043,0.05733984943979085,0.012989947274327278,0.150390625,1.505511793870246
603,22,1.1,3,25600,-0.0001482030376791954,0.0955859375,0.0817578125,0.32265625,0.3453125,0.27578125,0.25703125,0.01874999999999999,0.0716662638811954,0.08197484469789668,0.01514998685568571,0.15625,1.4164097726013278
603,22,1.1,5,25600,0.0016123808920383454,0.057265625,0.1464453125,0.2328125,0.41015625,0.17265625,0.339453125,-0.166796875,0.0360862398863164,0.025121199922518402,0.007129549086093903,0.125,1.5754474972863681
603,22,1.2,1,25600,-0.002249508425593376,0.273125,0.152265625,0.52109375,0.425,0.454296875,0.333984375,0.12031249999999999,0.030216251685362933,0.03942653055127429,0.012989947274327278,0.150390625,1.505511793870246
603,22,1.2,3,25600,-0.00041259057819843293,0.1999609375,0.1623828125,0.47265625,0.5515625,0.42109375,0.44140625,-0.02031250000000001,0.048295503762765514,0.05693104762081232,0.01514998685568571,0.15625,1.4164097726013278
603,22,1.2,5,25600,0.0021655017137527464,0.1204296875,0.2853515625,0.36171875,0.659375,0.297265625,0.578515625,-0.28125,0.030413879731085794,0.020424754973717704,0.007129549086093903,0.125,1.5754474972863681
603,22,1.3,1,25600,-0.0015766696631908416,0.3943359375,0.2423828125,0.60859375,0.571875,0.55546875,0.46484375,0.09062499999999996,0.023497815295101806,0.031724045451469327,0.012989947274327278,0.150390625,1.505511793870246
603,22,1.3,3,25600,-0.0005525079742074013,0.3048828125,0.243671875,0.58984375,0.70390625,0.529296875,0.58828125,-0.05898437499999998,0.038739796405721366,0.04620389657052674,0.01514998685568571,0.15625,1.4164097726013278
603,22,1.3,5,25600,0.0014911426603794098,0.1959765625,0.4169921875,0.47109375,0.79296875,0.408984375,0.719921875,-0.31093750000000003,0.024284015311077104,0.014988867158912105,0.007129549086093903,0.125,1.5754474972863681
603,33,1.1,1,25600,-0.0016699521616101265,0.096328125,0.069296875,0.3140625,0.24375,0.24765625,0.1890625,0.05859375,0.05858542913357997,0.05733984943979085,0.012989947274327278,0.150390625,1.505511793870246
603,33,1.1,3,25600,-0.0017950598523020745,0.128125,0.0817578125,0.41640625,0.3453125,0.346875,0.25703125,0.08984375,0.0663191713937899,0.08197484469789668,0.01514998685568571,0.15625,1.4164097726013278
603,33,1.1,5,25600,0.0012858407199382782,0.0704296875,0.1464453125,0.26015625,0.41015625,0.197265625,0.339453125,-0.14218750000000002,0.0339777349301728,0.025121199922518402,0.007129549086093903,0.125,1.5754474972863681
603,33,1.2,1,25600,-0.0021519281715154646,0.196640625,0.152265625,0.484375,0.425,0.400390625,0.333984375,0.06640625,0.04147278054820482,0.03942653055127429,0.012989947274327278,0.150390625,1.505511793870246
603,33,1.2,3,25600,-0.0019949913024902345,0.2451953125,0.1623828125,0.58203125,0.5515625,0.50703125,0.44140625,0.06562500000000004,0.045839436403292466,0.05693104762081232,0.01514998685568571,0.15625,1.4164097726013278
603,33,1.2,5,25600,0.0021418652683496474,0.1553125,0.2853515625,0.3984375,0.659375,0.34375,0.578515625,-0.23476562499999998,0.023735182146191358,0.020424754973717704,0.007129549086093903,0.125,1.5754474972863681
603,33,1.3,1,25600,-0.0019949959218502045,0.293125,0.2423828125,0.5953125,0.571875,0.51484375,0.46484375,0.050000000000000044,0.03303832590961253,0.031724045451469327,0.012989947274327278,0.150390625,1.505511793870246
603,33,1.3,3,25600,-0.0018981907889246941,0.3595703125,0.243671875,0.68359375,0.70390625,0.621875,0.58828125,0.03359374999999998,0.03659028690965975,0.04620389657052674,0.01514998685568571,0.15625,1.4164097726013278
603,33,1.3,5,25600,0.0014530919119715691,0.2459765625,0.4169921875,0.51328125,0.79296875,0.465625,0.719921875,-0.25429687500000003,0.01950246212083763,0.014988867158912105,0.007129549086093903,0.125,1.5754474972863681
