base_seed,gate_seed,budget,group,count,mean_delta,median_delta,p90_delta,fraction_k2_helps
601,11,1.1,both,2572,0.08008440731101978,0.0380859375,0.4919921875000002,0.5824261275272161
601,11,1.1,MLP only,4974,0.038332882011852254,0.0166015625,0.27099609375,0.5723763570566948
601,11,1.1,margin only,5140,0.028317817175898572,0.0041656494140625,0.27734375,0.5443579766536965
601,11,1.1,neither,64114,0.004750408608494626,0.000255584716796875,0.10546875,0.519948841126743
601,11,1.2,both,6487,0.05614265675939469,0.022247314453125,0.38486328125000013,0.579929088947125
601,11,1.2,MLP only,8775,0.019790444115967493,0.004638671875,0.16796875,0.5492877492877493
601,11,1.2,margin only,9005,0.017415764409922548,0.00244140625,0.22021484375,0.5361465852304276
601,11,1.2,neither,52533,0.002894915738923694,0.00014495849609375,0.09375,0.5152761121580721
601,11,1.3,both,10931,0.044818008778112914,0.015625,0.322509765625,0.5777147561979691
601,11,1.3,MLP only,11925,0.01023251171631883,0.00140380859375,0.123046875,0.5288050314465409
601,11,1.3,margin only,12180,0.010098548554043072,0.00109100341796875,0.1875,0.5311165845648604
601,11,1.3,neither,41764,0.002677843381408393,0.00010633468627929688,0.0859375,0.5121396417967627
601,22,1.1,both,2454,0.08633668226445702,0.0390625,0.4962890625000016,0.5831295843520783
601,22,1.1,MLP only,5455,0.04163804932759509,0.01806640625,0.2734375,0.5792850595783685
601,22,1.1,margin only,5258,0.02656151723299429,0.00439453125,0.2734375,0.5448839863065804
601,22,1.1,neither,63633,0.004213221026353406,0.00023651123046875,0.103515625,0.518960287900932
601,22,1.2,both,6323,0.05874328486587208,0.0234375,0.3904296875000002,0.5770994780958406
601,22,1.2,MLP only,9384,0.020272943268245035,0.005859375,0.1767578125,0.5481670929241261
601,22,1.2,margin only,9169,0.016315037921543978,0.002777099609375,0.21484375,0.5388810121060094
601,22,1.2,neither,51924,0.0026095535012957733,0.000133514404296875,0.091796875,0.5150797319158771
601,22,1.3,both,10816,0.04538243621058718,0.015625,0.325439453125,0.569896449704142
601,22,1.3,MLP only,12882,0.01187996641483908,0.0019378662109375,0.1328125,0.5255395124980593
601,22,1.3,margin only,12295,0.009926762528514514,0.001312255859375,0.1796875,0.538430256201708
601,22,1.3,neither,40807,0.001980602000693145,0.0001068115234375,0.08203125,0.5127796701546303
601,33,1.1,both,2442,0.0768113882203848,0.0302734375,0.4774414062500001,0.583947583947584
601,33,1.1,MLP only,5163,0.03936130539197551,0.0166015625,0.26953125,0.5839628123184195
601,33,1.1,margin only,5270,0.03111143564589788,0.00435638427734375,0.2852050781250002,0.5445920303605313
601,33,1.1,neither,63925,0.004568056830867548,0.00023651123046875,0.10546875,0.5188580367618303
601,33,1.2,both,6344,0.056569659243916805,0.0205078125,0.3874023437499998,0.5783417402269861
601,33,1.2,MLP only,9232,0.019006908869619386,0.0048828125,0.171875,0.5508015597920277
601,33,1.2,margin only,9148,0.017725016907098566,0.0027618408203125,0.2177734375,0.5379317883690424
601,33,1.2,neither,52076,0.002885551366198767,0.00013208389282226562,0.09375,0.514709271065366
601,33,1.3,both,10713,0.04606149693580498,0.01611328125,0.32753906250000053,0.5778026696536918
601,33,1.3,MLP only,12346,0.01182702246968294,0.0020751953125,0.130859375,0.5368540417949134
601,33,1.3,margin only,12398,0.009634550626594456,0.001064300537109375,0.1796875,0.5318599774157122
601,33,1.3,neither,41343,0.0021247547054528367,7.534027099609375e-05,0.083984375,0.509566311104661
602,11,1.1,both,2495,0.09399534160484053,0.048828125,0.5207031249999998,0.6036072144288577
602,11,1.1,MLP only,5569,0.042302343142826784,0.0147705078125,0.2841796875,0.5728137906266835
602,11,1.1,margin only,5254,0.029630512713841445,0.0022563934326171875,0.27517089843749987,0.596117244004568
602,11,1.1,neither,63482,0.003564653345228635,0.0001983642578125,0.1025390625,0.5114048076620145
602,11,1.2,both,6439,0.06873602155462373,0.02764892578125,0.4357421874999998,0.5910855722938344
602,11,1.2,MLP only,9556,0.016742602308807437,0.0042572021484375,0.16796875,0.5390330682293847
602,11,1.2,margin only,9071,0.018197635978233616,0.0010738372802734375,0.236328125,0.5701686693859552
602,11,1.2,neither,51734,0.0016317287918015905,0.0001068115234375,0.0869140625,0.5057409054007036
602,11,1.3,both,10808,0.05179495470864432,0.01953125,0.36064453125000107,0.5820688378978535
602,11,1.3,MLP only,12777,0.00843212072153443,0.0013427734375,0.12109375,0.5191359474054943
602,11,1.3,margin only,12463,0.011256554723025076,0.0007171630859375,0.203125,0.5584530209419882
602,11,1.3,neither,40752,0.0010856558025047083,1.9073486328125e-05,0.078125,0.5008097762073027
602,22,1.1,both,2520,0.10203375437903026,0.048828125,0.5323242187499999,0.6095238095238096
602,22,1.1,MLP only,5478,0.040523343470985324,0.0126953125,0.2932617187500002,0.5677254472435196
602,22,1.1,margin only,5229,0.025448848741144357,0.002105712890625,0.2667968749999998,0.5932300631095812
602,22,1.1,neither,63573,0.0037733974657503805,0.000213623046875,0.1015625,0.5119311657464647
602,22,1.2,both,6631,0.06848418078007625,0.025390625,0.431640625,0.5916151410043734
602,22,1.2,MLP only,9168,0.016437904788977605,0.002410888671875,0.17578125,0.5305410122164049
602,22,1.2,margin only,8879,0.017292870367844774,0.001094818115234375,0.234375,0.5693208694672823
602,22,1.2,neither,52122,0.0017978100201964749,0.00013113021850585938,0.0859375,0.5074824450328076
602,22,1.3,both,11226,0.050455924981676406,0.0152587890625,0.35546875,0.5813290575449849
602,22,1.3,MLP only,12214,0.00902745008117266,0.00027942657470703125,0.12890625,0.5109710168658916
602,22,1.3,margin only,12045,0.01109772504439934,0.0008096694946289062,0.1953125,0.5583229555832295
602,22,1.3,neither,41315,0.001009768278622157,6.866455078125e-05,0.076171875,0.5034733147767155
602,33,1.1,both,2379,0.09947032335176344,0.0482177734375,0.5234375,0.6145439260193358
602,33,1.1,MLP only,5431,0.035479898370227594,0.009765625,0.281494140625,0.5507273062051188
602,33,1.1,margin only,5370,0.028595380232542808,0.002105712890625,0.28125,0.5914338919925513
602,33,1.1,neither,63620,0.004231086837087401,0.000244140625,0.103515625,0.5134234517447344
602,33,1.2,both,6242,0.06745262980193749,0.0298309326171875,0.43359375,0.5927587311759052
602,33,1.2,MLP only,9026,0.015253312778451768,0.0010080337524414062,0.166015625,0.5196100155107467
602,33,1.2,margin only,9268,0.020136241209007925,0.001102447509765625,0.23828125,0.5694864048338368
602,33,1.2,neither,52264,0.002042166000300813,0.0001678466796875,0.087890625,0.5094328792285321
602,33,1.3,both,10532,0.05029532169598479,0.01822662353515625,0.3544921875,0.5787124952525636
602,33,1.3,MLP only,12039,0.006089652056947124,6.4849853515625e-05,0.11328125,0.5031148766508846
602,33,1.3,margin only,12739,0.01337467492754357,0.0008945465087890625,0.203125,0.56173953999529
602,33,1.3,neither,41490,0.001896035926949406,0.0001220703125,0.080078125,0.5057845263919016
603,11,1.1,both,2569,0.08654477708578202,0.0521240234375,0.47109375000000053,0.6414947450369793
603,11,1.1,MLP only,4991,0.04312962134790621,0.01953125,0.30859375,0.5742336205169305
603,11,1.1,margin only,5047,0.028757695469592667,0.0059814453125,0.29267578125000027,0.578561521696057
603,11,1.1,neither,64193,0.004987540834927926,0.0002193450927734375,0.109375,0.5126571433022292
603,11,1.2,both,6730,0.05769251756823966,0.033203125,0.376953125,0.6153046062407133
603,11,1.2,MLP only,8497,0.025463927503444173,0.0048828125,0.20703125,0.5432505590208309
603,11,1.2,margin only,8630,0.01752945224766383,0.0016155242919921875,0.234375,0.5466975666280417
603,11,1.2,neither,52943,0.0027762303270305703,0.0001163482666015625,0.09375,0.5074891864835767
603,11,1.3,both,11291,0.046588975749101535,0.019775390625,0.333984375,0.5972013107784961
603,11,1.3,MLP only,11470,0.015768950029155328,0.001953125,0.14393310546875004,0.5292938099389712
603,11,1.3,margin only,11827,0.010064905772520017,0.00058746337890625,0.1953125,0.5303965502663397
603,11,1.3,neither,42212,0.0018230632934526936,6.103515625e-05,0.0859375,0.5035534918980384
603,22,1.1,both,2316,0.07644269791703562,0.05303955078125,0.4595947265625,0.6360103626943006
603,22,1.1,MLP only,5188,0.03825561836672087,0.013671875,0.2960205078125002,0.5636083269082498
603,22,1.1,margin only,5300,0.03593062886651957,0.0078125,0.302734375,0.5839622641509434
603,22,1.1,neither,63996,0.005265250966894499,0.000240325927734375,0.109375,0.5133289580598788
603,22,1.2,both,6073,0.05664655998552845,0.03314208984375,0.3923828125000002,0.6092540754157747
603,22,1.2,MLP only,9121,0.022831723272062003,0.00439453125,0.19287109375,0.5433614735226401
603,22,1.2,margin only,9287,0.021054727828090616,0.0029296875,0.234375,0.5555076989339938
603,22,1.2,neither,52319,0.0029645216123447902,0.000110626220703125,0.09375,0.5070433303388826
603,22,1.3,both,10425,0.04836554264279006,0.021484375,0.345703125,0.5952038369304556
603,22,1.3,MLP only,12492,0.012583787953513881,0.001953125,0.140625,0.5295389048991355
603,22,1.3,margin only,12693,0.011097690357174292,0.000865936279296875,0.19226074218750067,0.5365949736075002
603,22,1.3,neither,41190,0.0024430280520111995,4.7206878662109375e-05,0.0859375,0.5028404952658412
603,33,1.1,both,2372,0.09185851323865919,0.0537109375,0.512646484375,0.6344856661045531
603,33,1.1,MLP only,5177,0.03967008172533147,0.0167236328125,0.30703125000000053,0.5667374927564226
603,33,1.1,margin only,5244,0.028525024402423455,0.006805419921875,0.2829101562499998,0.584096109839817
603,33,1.1,neither,64007,0.0051565162540329525,0.0002288818359375,0.109375,0.5130845063821144
603,33,1.2,both,6254,0.060422181549413846,0.03363037109375,0.4091796875,0.6069715382155421
603,33,1.2,MLP only,9033,0.023580081964613368,0.0041961669921875,0.2105957031250001,0.5389128750138381
603,33,1.2,margin only,9106,0.017754172273397498,0.002079010009765625,0.2265625,0.5560070283329672
603,33,1.2,neither,52407,0.0028688929687711966,0.000118255615234375,0.09375,0.5078710859236362
603,33,1.3,both,10641,0.048058075784303766,0.02294921875,0.35791015625,0.5899821445352881
603,33,1.3,MLP only,12365,0.01586366422832904,0.001953125,0.15234375,0.5268095430651031
603,33,1.3,margin only,12477,0.010714737623941921,0.0007190704345703125,0.1796875,0.5400336619379659
603,33,1.3,neither,41317,0.001492625224347076,6.103515625e-05,0.08359375000000036,0.5037393808843817
